관리코드,시도,시군구,기관명,기존QA,조치그룹,원인유형,원인유형한글,원인,해결방법,등록URL,검증대체URL,HTTP,최종URL,페이지제목,기존오류,table,tr,anchor,상세링크후보,JS링크,onclick링크,data속성링크,날짜표현,두자리연도날짜,응답bytes,curl오류
LGS-000001,서울특별시,서울특별시,서울특별시청,PARSER_UNSUPPORTED,파서 보강,AJAX_OR_JS_RENDERED,AJAX/동적 목록,초기 HTML에 목록이 없고 JavaScript/AJAX로 목록을 조회함,네트워크 호출의 JSON/HTML endpoint를 전용 어댑터로 호출; 브라우저 자동화는 최후 수단,http://www.seoul.go.kr/v2012/news/list.html?tr_code=gnb_news,,200,https://www.seoul.go.kr/realmnews/in/list.do?tr_code=gnb_news,서울소식 | 서울특별시,,0,0,95,13,17,42,0,17,0,86262,
LGS-000003,서울특별시,중구,중구청,PARSER_UNSUPPORTED,URL 정비,STATIC_CONTENT_PAGE,정적 안내 페이지,중소기업 육성기금 안내문으로 정기 공고 목록이 아님,정기 공지·고시공고 목록 URL로 교체하고 정적 안내문은 수집 대상에서 제외,https://www.junggu.seoul.kr/content.do?cmsid=14203,,200,https://www.junggu.seoul.kr/content.do?cmsid=14203,중소기업 육성기금 융자 | 소상공인지원 | 경제 | 서울시 중구청,,1,2,825,2,8,2,0,0,0,119065,
LGS-000006,서울특별시,광진구,광진구청,PARSER_UNSUPPORTED,URL 정비,STATIC_CONTENT_PAGE,정적 안내 페이지,소상공인 원스톱지원센터 소개 페이지로 정기 목록이 아님,정기 공지·고시공고 목록 URL로 교체하고 정적 안내문은 수집 대상에서 제외,https://www.gwangjin.go.kr/portal/main/contents.do?menuNo=200704,,200,https://www.gwangjin.go.kr/portal/main/contents.do?menuNo=200704,센터소개 < 소상공인 원스톱지원센터 < 경제/기업/일자리 < 분야별정보 < 포털사이트 Insert title here 만족도,,1,5,886,10,2,4,0,1,0,164552,
LGS-000007,서울특별시,동대문구,동대문구청,PARSER_UNSUPPORTED,URL 정비,STATIC_CONTENT_PAGE,정적 안내 페이지,소상공인 종합안내 페이지로 정기 목록이 아님,정기 공지·고시공고 목록 URL로 교체하고 정적 안내문은 수집 대상에서 제외,https://www.ddm.go.kr/www/contents.do?key=883,,200,https://www.ddm.go.kr/www/contents.do?key=883,종합안내 - 동대문구,,1,6,1553,57,0,4,0,3,0,453861,
LGS-000008,서울특별시,중랑구,중랑구청,FAILED,접속 호환성,MALFORMED_HTTP_HEADER,비표준 HTTP 헤더,기관 응답에 표준을 위반한 HTTP 헤더명이 있어 Java HttpClient가 거부함,허용 가능한 HTTP 클라이언트 어댑터 또는 수집 프록시를 이 기관에만 적용,https://www.jungnang.go.kr/portal/bbs/list/B0000422.do?menuNo=201111,,200,https://www.jungnang.go.kr/portal/bbs/list/B0000422.do?menuNo=201111,공모사업 알림방(목록)<공모사업 알림방<구민참여<중랑구청,NETWORK_ERROR,1,11,981,27,74,6,0,13,0,353582,
LGS-000009,서울특별시,성북구,성북구청,FAILED,접속 호환성,CERTIFICATE_HOST_MISMATCH,인증서 호스트 불일치,등록 호스트와 인증서 DNS 이름이 일치하지 않음,인증서가 유효한 www 호스트 등 공식 HTTPS URL로 교체하고 인증서 우회는 금지,https://seongbuk.go.kr/www/selectBbsNttList.do?bbsNo=41&key=6350,,200,https://seongbuk.go.kr/www/selectBbsNttList.do?bbsNo=41&key=6350,새소식 - 성북구청,NETWORK_ERROR,1,11,805,28,0,0,0,13,0,244877,
LGS-000011,서울특별시,도봉구,도봉구청,PARSER_UNSUPPORTED,URL 정비,HOME_PAGE_NOT_LIST,기관 홈페이지 등록,기관 홈페이지가 등록되어 공고 외 링크가 과다하거나 목록이 없음,검증된 목록 URL로 교체한 뒤 파서 QA 재실행,https://www.dobong.go.kr/,https://www.dobong.go.kr/bbs.asp?code=10008769,200,https://www.dobong.go.kr/,도봉구청 대표 사이트,,0,0,1299,8,272,130,0,39,2,232646,
LGS-000012,서울특별시,노원구,노원구청,PARTIAL,URL 정비,HOME_PAGE_NOT_LIST,기관 홈페이지 등록,기관 홈페이지가 등록되어 공고 외 링크가 과다하거나 목록이 없음,검증된 목록 URL로 교체한 뒤 파서 QA 재실행,https://www.nowon.kr/,https://www.nowon.kr/www/user/bbs/BD_selectBbsList.do?q_bbsCode=1001&q_estnColumn1=11,200,https://www.nowon.kr/www/index.do,노원구청 : 노원구청,,3,33,1193,36,15,3,0,77,0,498878,
LGS-000013,서울특별시,은평구,은평구청,FAILED,접속 호환성,ACCESS_POLICY,자동 요청 거부,기관 서버가 자동 요청을 거부함(HTTP 417),"기관 허용 정책 확인, 호출 간격·헤더 조정, 불가하면 수동 링크 관리로 유지",https://www.ep.go.kr/dong/selectBbsNttList.do?bbsNo=42,,417,https://www.ep.go.kr/dong/selectBbsNttList.do?bbsNo=42,417 Expectation Failed,HTTP_ERROR,0,0,0,0,0,0,0,0,0,1325,
LGS-000014,서울특별시,서대문구,서대문구청,PARSER_UNSUPPORTED,파서 보강,SELECTOR_PROFILE_MISMATCH,DOM 선택자 불일치,공지사항 목록은 있으나 제목·등록일 열 선택자가 현재 프로필과 다름,기관군별 DOM을 묶어 전용 정적 파서 프로필을 추가하고 표본 테스트를 고정,https://www.sdm.go.kr/news/news/notice.do,,200,https://www.sdm.go.kr/news/news/notice.do,서대문구청 구정소식 > 새소식 > 공지사항,,1,11,401,11,33,0,0,16,0,94755,
LGS-000016,서울특별시,양천구,양천구청,PARSER_UNSUPPORTED,파서 보강,SCRIPTED_DETAIL_LINK,JavaScript 상세 링크,고시공고 상세 이동이 일반 href가 아닌 스크립트 규칙을 사용함,기관군별 DOM을 묶어 전용 정적 파서 프로필을 추가하고 표본 테스트를 고정,https://www.yangcheon.go.kr/site/yangcheon/ex/seol/seolCollectList.do,,200,https://www.yangcheon.go.kr/site/yangcheon/ex/seol/seolCollectList.do,고시/공고 - 양천소식 - 양천소통광장 - 소통과참여 - 양천구청 대표홈페이지,,1,11,947,22,23,17,0,10,0,243751,
LGS-000017,서울특별시,강서구,강서구청,PARSER_UNSUPPORTED,URL 정비,STATIC_CONTENT_PAGE,정적 안내 페이지,소상공인 지원 제도 안내 페이지로 정기 목록이 아님,정기 공지·고시공고 목록 URL로 교체하고 정적 안내문은 수집 대상에서 제외,https://www.gangseo.seoul.kr/eco/eco060101,,200,https://www.gangseo.seoul.kr/eco/eco060101,소상공인 지원 - 지역경제 - 강서구청 분야,,1,16,237,0,2,7,0,0,0,56275,
LGS-000019,서울특별시,금천구,금천구청,PARTIAL,파서 보강,SELECTOR_PROFILE_MISMATCH,DOM 선택자 불일치,목록 행·등록일·링크는 있으나 공통 selector가 실제 열 구조와 다름,해당 플랫폼의 제목·등록일·링크 selector를 정적 프로필로 추가,https://www.geumcheon.go.kr/portal/selectBbsNttList.do?bbsNo=150682&key=4099,,200,https://www.geumcheon.go.kr/portal/selectBbsNttList.do?bbsNo=150682&key=4099,소상공인 맞춤 지원 안내 - 금천구청,,1,31,1175,45,2,2,0,15,6,339122,
LGS-000020,서울특별시,영등포구,영등포구청,PARSER_UNSUPPORTED,URL 정비,STATIC_CONTENT_PAGE,정적 안내 페이지,중소기업 지원사업 설명 페이지로 정기 목록이 아님,정기 공지·고시공고 목록 URL로 교체하고 정적 안내문은 수집 대상에서 제외,https://www.ydp.go.kr/www/contents.do?key=3336,,200,https://www.ydp.go.kr/www/contents.do?key=3336,중소기업 지원사업 < 중소기업지원 < 생활경제 < 분야별정보 < 영등포구청,,1,12,848,17,0,5,0,3,0,171143,
LGS-000021,서울특별시,동작구,동작구청,PARSER_UNSUPPORTED,URL 정비,HOME_PAGE_NOT_LIST,기관 홈페이지 등록,기관 홈페이지가 등록되어 공고 외 링크가 과다하거나 목록이 없음,검증된 목록 URL로 교체한 뒤 파서 QA 재실행,https://www.dongjak.go.kr/,https://www.dongjak.go.kr/portal/bbs/B0000022/list.do?menuNo=200641,200,https://www.dongjak.go.kr/portal/main/main.do,동작구청 포털사이트,,0,0,1466,37,102,0,0,3,0,422181,
LGS-000022,서울특별시,관악구,관악구청,PARSER_UNSUPPORTED,URL 정비,STATIC_CONTENT_PAGE,정적 안내 페이지,골목상권·소상공인 지원사업 설명 페이지로 정기 목록이 아님,정기 공지·고시공고 목록 URL로 교체하고 정적 안내문은 수집 대상에서 제외,https://www.gwanak.go.kr/site/gwanak/09/10905100000002023020811.jsp,,200,https://www.gwanak.go.kr/site/gwanak/09/10905100000002023020811.jsp,골목상권·소상공인 지원사업 : 관악구청,,2,5,1049,42,15,5,0,1,0,189416,
LGS-000023,서울특별시,서초구,서초구청,PARSER_UNSUPPORTED,URL 정비,STATIC_CONTENT_PAGE,정적 안내 페이지,소상공인 지원사업 설명 페이지로 정기 목록이 아님,정기 공지·고시공고 목록 URL로 교체하고 정적 안내문은 수집 대상에서 제외,https://www.seocho.go.kr/site/seocho/04/10409100000002021072101.jsp,,200,https://www.seocho.go.kr/site/seocho/04/10409100000002021072101.jsp,소상공인 지원사업-서초구청,,0,0,1544,7,4,0,0,3,0,241961,
LGS-000026,서울특별시,강동구,강동구청,PARSER_UNSUPPORTED,URL 정비,STATIC_CONTENT_PAGE,정적 안내 페이지,중소기업육성기금 융자 안내 페이지로 정기 목록이 아님,정기 공지·고시공고 목록 URL로 교체하고 정적 안내문은 수집 대상에서 제외,https://www.gangdong.go.kr/web/newportal/contents/gdp_005_008_004_002_001,,200,https://www.gangdong.go.kr/web/newportal/contents/gdp_005_008_004_002_001,중소기업육성기금 융자지원 | 소상공인·중소기업 금융지원제도 | 소상공인지원 | 경제/기업/일자리/동물 | 분야별정보 | 강동구청,,1,8,737,2,15,12,0,3,0,175615,
LGS-000029,부산광역시,서구,서구청,PARTIAL,파서 보강,NON_TABLE_LAYOUT,비표형 목록,목록이 표가 아닌 커스텀 블록 구조이며 공통 li 파서는 전체 메뉴까지 포함함,카드/article 단위 제목·날짜·링크 selector 프로필 추가,http://www.bsseogu.go.kr/board/list.bsseogu?boardId=BBS_0000039&menuCd=DOM_000000103001012000&contentsSid=877&cpath=,,200,https://www.bsseogu.go.kr/board/list.bsseogu?boardId=BBS_0000039&menuCd=DOM_000000103001012000&contentsSid=877&cpath=,글목록 < 알림사항 < 서구소식 < 정보공개,,0,0,542,13,7,0,0,20,2,128171,
LGS-000032,부산광역시,부산진구,부산진구청,PARSER_UNSUPPORTED,파서 보강,TWO_DIGIT_YEAR_DATE,두 자리 연도 날짜,목록 등록일이 YY.MM.DD 등 두 자리 연도로 표시됨,두 자리 연도를 2000년대로 제한 해석하는 날짜 프로필을 추가,https://www.busanjin.go.kr/board/list.busanjin?boardId=BBS_0000009&menuCd=DOM_000000110001001000&contentsSid=316&cpath=,,200,https://www.busanjin.go.kr/board/list.busanjin?boardId=BBS_0000009&menuCd=DOM_000000110001001000&contentsSid=316&cpath=,소통참여 > 공지사항 > 공지사항 | 부산 진구청,,1,11,590,10,0,17,0,0,10,217912,
LGS-000033,부산광역시,동래구,동래구청,PARSER_UNSUPPORTED,파서 보강,TWO_DIGIT_YEAR_DATE,두 자리 연도 날짜,목록 등록일이 YY.MM.DD 등 두 자리 연도로 표시됨,두 자리 연도를 2000년대로 제한 해석하는 날짜 프로필을 추가,http://www.dongnae.go.kr/board/list.dongnae?boardId=BBS_0000012&menuCd=DOM_000000103001001000&contentsSid=41&cpath=,,200,https://www.dongnae.go.kr/board/list.dongnae?boardId=BBS_0000012&menuCd=DOM_000000103001001000&contentsSid=41&cpath=,행정정보 < 동래소식 < 구정소식,,1,11,585,11,7,7,0,0,12,128444,
LGS-000034,부산광역시,남구,남구청,FAILED,접속 호환성,HTTP_PROTOCOL_COMPATIBILITY,HTTP 프로토콜 호환성,Java HttpClient 연결은 끊기지만 curl에서는 HTML 수신 가능,HTTPS URL로 교체하고 기관별 HTTP/1.1 클라이언트 어댑터·재시도 정책 적용,http://www.bsnamgu.go.kr/board/list.namgu?boardId=BBS_0000001&menuCd=DOM_000000105001001000&contentsSid=136&cpath=,,200,https://www.bsnamgu.go.kr/board/list.namgu?boardId=BBS_0000001&menuCd=DOM_000000105001001000&contentsSid=136&cpath=,열린행정정보공개 > 알림마당 > 공지사항 (목록) > 부산 남구청,NETWORK_ERROR,1,12,699,13,4,3,0,11,0,154223,
LGS-000035,부산광역시,북구,북구청,PARSER_UNSUPPORTED,파서 보강,TWO_DIGIT_YEAR_DATE,두 자리 연도 날짜,목록 등록일이 YY.MM.DD 등 두 자리 연도로 표시됨,두 자리 연도를 2000년대로 제한 해석하는 날짜 프로필을 추가,https://www.bsbukgu.go.kr/board/list.bsbukgu?boardId=BBS_0000023&menuCd=DOM_000000105001001000&contentsSid=368&cpath=,,200,https://www.bsbukgu.go.kr/board/list.bsbukgu?boardId=BBS_0000023&menuCd=DOM_000000105001001000&contentsSid=368&cpath=,정보공개 < 북구소식 < 새소식,,1,13,608,18,0,11,0,3,12,176521,
LGS-000037,부산광역시,사하구,사하구청,PARSER_UNSUPPORTED,파서 보강,SCRIPTED_DETAIL_LINK,JavaScript 상세 링크,상세 식별자가 onclick 함수 인자로 제공됨,함수 실행 없이 허용된 인자 조합 규칙으로 상세 URL을 생성하는 기관별 파서 추가,http://www.saha.go.kr/portal/bbs/list.do?ptIdx=22&mId=0301010000,,200,http://www.saha.go.kr/portal/bbs/list.do?ptIdx=22&mId=0301010000,공지사항 목록 | 사하알림 | 정보공개 | 부산광역시 사하구,,1,11,763,36,0,30,0,11,0,329457,
LGS-000039,부산광역시,강서구,강서구청,PARSER_UNSUPPORTED,파서 보강,SCRIPTED_DETAIL_LINK,JavaScript 상세 링크,상세 식별자가 onclick 함수 인자로 제공됨,함수 실행 없이 허용된 인자 조합 규칙으로 상세 URL을 생성하는 기관별 파서 추가,https://www.bsgangseo.go.kr/portal/board/post/list.do?bcIdx=500&mid=0501010000&token=1739334701754,,200,https://www.bsgangseo.go.kr/portal/board/post/list.do?bcIdx=500&mid=0501010000&token=1739334701754,알림사항 공통게시판 > 알림사항 게시글 목록 | 행정알림 | 정보공개 | 부산 강서구청 홈페이지,,1,14,984,3,3,29,0,13,0,448420,
LGS-000040,부산광역시,연제구,연제구청,PARSER_UNSUPPORTED,URL 정비,EMPTY_RESPONSE,빈 안내 응답,기존 연제소식 URL이 200 상태의 377바이트 빈 응답만 반환함,검증된 목록 URL로 교체한 뒤 파서 QA 재실행,http://www.yeonje.go.kr/inews/main.do,https://www.yeonje.go.kr/portal/bbs/list.do?ptIdx=10&mId=0206010000,200,http://www.yeonje.go.kr/inews/main.do,,,0,0,0,0,0,0,0,0,0,377,
LGS-000042,부산광역시,사상구,사상구청,PARSER_UNSUPPORTED,URL 정비,WRONG_CONTENT_URL,다른 콘텐츠 URL,고시공고가 아닌 사상소식지 페이지가 등록됨,검증된 목록 URL로 교체한 뒤 파서 QA 재실행,https://www.sasang.go.kr/news/index.sasang,https://www.sasang.go.kr/board/list.sasang?boardId=BBS_0000001&menuCd=DOM_000000104008001000&startPage=1,200,https://www.sasang.go.kr/news/index.sasang,사상소식지,,0,0,252,17,0,0,0,193,0,51285,
LGS-000043,부산광역시,기장군,기장군청,PARSER_UNSUPPORTED,파서 보강,TWO_DIGIT_YEAR_DATE,두 자리 연도 날짜,목록 등록일이 YY.MM.DD 등 두 자리 연도로 표시됨,두 자리 연도를 2000년대로 제한 해석하는 날짜 프로필을 추가,http://www.gijang.go.kr/board/list.gijang?boardId=BBS_0000002&menuCd=DOM_000000101001001000&contentsSid=12&cpath=,,200,https://www.gijang.go.kr/board/list.gijang?boardId=BBS_0000002&menuCd=DOM_000000101001001000&contentsSid=12&cpath=,기장군 > 정보공개 > 행정알림 > 알림사항,,1,11,505,24,0,5,0,1,10,120946,
LGS-000044,대구광역시,대구광역시,대구광역시청,PARSER_UNSUPPORTED,파서 보강,SCRIPTED_DETAIL_LINK,JavaScript 상세 링크,상세 식별자가 onclick 함수 인자로 제공됨,함수 실행 없이 허용된 인자 조합 규칙으로 상세 URL을 생성하는 기관별 파서 추가,https://www.daegu.go.kr/index.do?menu_id=00000854,,200,https://www.daegu.go.kr/index.do?menu_id=00000854,공지사항 | 대구광역시,,1,13,1719,19,29,35,0,17,20,236241,
LGS-000045,대구광역시,중구,중구청,FAILED,URL 정비,EMPTY_RESPONSE,빈 안내 응답,기존 대구 중구 URL이 실질 내용 없는 441바이트 응답을 반환함,검증된 목록 URL로 교체한 뒤 파서 QA 재실행,http://www.jung.daegu.kr/new/pages/administration/page.html?mc=0157,,200,http://www.jung.daegu.kr/new/pages/administration/page.html?mc=0157,,NETWORK_ERROR,0,0,0,0,0,0,0,0,0,441,
LGS-000046,대구광역시,동구,동구청,PARSER_UNSUPPORTED,파서 보강,SCRIPTED_DETAIL_LINK,JavaScript 상세 링크,상세 식별자가 onclick 함수 인자로 제공됨,함수 실행 없이 허용된 인자 조합 규칙으로 상세 URL을 생성하는 기관별 파서 추가,https://www.dong.daegu.kr/portal/board/post/list.do?bcIdx=500&mid=0201010000&token=1706162215124,,200,https://www.dong.daegu.kr/portal/board/post/list.do?bcIdx=500&mid=0201010000&token=1706162215124,공지/홍보 공지/홍보 게시글 목록 | 구정소식 | 소통참여 | 대구광역시 동구청 홈페이지,,1,13,973,3,2,29,0,15,0,411444,
LGS-000048,대구광역시,남구,남구청,PARSER_UNSUPPORTED,파서 보강,SCRIPTED_DETAIL_LINK,JavaScript 상세 링크,상세 식별자가 onclick 함수 인자로 제공됨,함수 실행 없이 허용된 인자 조합 규칙으로 상세 URL을 생성하는 기관별 파서 추가,https://nam.daegu.kr/index.do?menu_id=00000848,,200,https://nam.daegu.kr/index.do?menu_id=00000848,소통/참여 > 알림마당 > 공지사항 | 대구광역시 남구청,,1,16,880,3,36,28,0,16,0,121413,
LGS-000049,대구광역시,북구,북구청,PARSER_UNSUPPORTED,파서 보강,SCRIPTED_DETAIL_LINK,JavaScript 상세 링크,상세 식별자가 onclick 함수 인자로 제공됨,함수 실행 없이 허용된 인자 조합 규칙으로 상세 URL을 생성하는 기관별 파서 추가,http://www.buk.daegu.kr/index.do?menu_id=00000195,,200,https://www.buk.daegu.kr/index.do?menu_id=00000195,대구광역시 북구 > 소통참여 > 알림광장 > 공지사항,,1,11,469,2,32,41,0,11,0,128270,
LGS-000050,대구광역시,수성구,수성구청,PARSER_UNSUPPORTED,파서 보강,SCRIPTED_DETAIL_LINK,JavaScript 상세 링크,상세 식별자가 onclick 함수 인자로 제공됨,함수 실행 없이 허용된 인자 조합 규칙으로 상세 URL을 생성하는 기관별 파서 추가,https://www.suseong.kr/?menu_id=00000063,,200,https://www.suseong.kr/?menu_id=00000063,공지사항 | 수성구청 - 품격있는 사람 배려하는 도시 행복수성,,1,11,1036,6,28,23,0,12,0,306221,
LGS-000051,대구광역시,달서구,달서구청,PARSER_UNSUPPORTED,파서 보강,SCRIPTED_DETAIL_LINK,JavaScript 상세 링크,상세 식별자가 onclick 함수 인자로 제공됨,함수 실행 없이 허용된 인자 조합 규칙으로 상세 URL을 생성하는 기관별 파서 추가,https://dalseo.daegu.kr/?menu_id=10000102,,200,https://dalseo.daegu.kr/?menu_id=10000102,공지사항 | 대구광역시 달서구,,1,11,1163,6,25,31,0,11,9,159815,
LGS-000052,대구광역시,달성군,달성군청,PARSER_UNSUPPORTED,파서 보강,IFRAME_CONTENT,외부 iframe 목록,실제 목록이 외부 iframe URL에서 제공됨,iframe src를 실제 수집 URL로 등록하고 해당 구조의 파서 프로필을 지정,https://www.dalseong.daegu.kr/index.do?menu_id=00000194,"https://eminwon.dalseong.daegu.kr/emwp/jsp/ofr/OfrNotAncmtLSub.jsp?not_ancmt_se_code=01,04",200,https://www.dalseong.daegu.kr/index.do?menu_id=00000194,고시/공고 | 군민이 빛나는 달성(대구광역시 달성군),,0,0,650,5,0,3,0,1,0,88366,
LGS-000053,대구광역시,군위군,군위군청,PARSER_UNSUPPORTED,파서 보강,SELECTOR_PROFILE_MISMATCH,DOM 선택자 불일치,목록 행·등록일·링크는 있으나 공통 selector가 실제 열 구조와 다름,해당 플랫폼의 제목·등록일·링크 selector를 정적 프로필로 추가,https://www.gunwi.go.kr/ko/page.do?mnu_uid=101&,,200,https://www.gunwi.go.kr/ko/page.do?mnu_uid=101&,알립니다 | 군정소식 | 군위군청,,1,11,568,2,0,8,0,13,0,212619,
LGS-000066,광주광역시,동구,동구청,PARSER_UNSUPPORTED,파서 보강,AJAX_OR_JS_RENDERED,AJAX/동적 목록,초기 HTML에 목록이 없고 JavaScript/AJAX로 목록을 조회함,네트워크 호출의 JSON/HTML endpoint를 전용 어댑터로 호출; 브라우저 자동화는 최후 수단,http://www.donggu.kr/board.es?mid=a10101010000&bid=0001,,200,https://www.donggu.kr/board.es?mid=a10101010000&bid=0001,목록 | 새소식 | 알림마당 | 소통/참여 : 인문도시 광주동구 전남광주통합특별시 동구,,0,0,849,15,0,39,0,12,0,130030,
LGS-000069,광주광역시,북구,북구청,PARSER_UNSUPPORTED,파서 보강,AJAX_OR_JS_RENDERED,AJAX/동적 목록,초기 HTML에 목록이 없고 JavaScript/AJAX로 목록을 조회함,네트워크 호출의 JSON/HTML endpoint를 전용 어댑터로 호출; 브라우저 자동화는 최후 수단,https://bukgu.gwangju.kr/board.es?mid=a10201010000&bid=0114,,200,https://bukgu.gwangju.kr/board.es?mid=a10201010000&bid=0114,목록 | 공지사항 | 알림마당 | 소통광장 : 전남광주통합특별시 북구,,0,0,612,16,0,47,0,10,0,100146,
LGS-000071,대전광역시,대전광역시,대전광역시청,PARSER_UNSUPPORTED,파서 보강,SCRIPTED_DETAIL_LINK,JavaScript 상세 링크,상세 식별자가 onclick 함수 인자로 제공됨,함수 실행 없이 허용된 인자 조합 규칙으로 상세 URL을 생성하는 기관별 파서 추가,http://www.daejeon.go.kr/drh/MediaList.do?menuSeq=2558,,200,https://www.daejeon.go.kr/drh/MediaList.do?menuSeq=2558,대전소식모아보기 | 대전광역시청,,2,14,727,342,45,27,0,12,0,155210,
LGS-000072,대전광역시,동구,동구청,PARSER_UNSUPPORTED,파서 보강,NON_TABLE_LAYOUT,비표형 목록,공지사항이 비표형 article 목록으로 렌더링되어 표 기반 프로필이 맞지 않음,카드/article 단위 제목·날짜·링크 selector 프로필 추가,https://www.donggu.go.kr/dg/kor/article/newsNotice,,200,https://www.donggu.go.kr/dg/kor/article/newsNotice,공지사항 < 새소식 < 동구소식 < 대전 동구청,,0,0,974,596,0,21,0,12,0,520468,
LGS-000078,울산광역시,중구,중구청,PARSER_UNSUPPORTED,URL 정비,DETAIL_PAGE_URL,상세 페이지 URL,목록이 아니라 특정 공고 상세 URL이 등록됨,검증된 목록 URL로 교체한 뒤 파서 QA 재실행,https://www.junggu.ulsan.kr/board/view.ulsan?boardId=BBS_0000057&contentsSid=1&paging=ok&startPage=1&dataSid=707524&menuCd=DOM_000000102003001000,https://www.junggu.ulsan.kr/board/list.ulsan?boardId=BBS_0000057&contentsSid=1&menuCd=DOM_000000102003001000,200,https://www.junggu.ulsan.kr/board/view.ulsan?boardId=BBS_0000057&contentsSid=1&paging=ok&startPage=1&dataSid=707524&menuCd=DOM_000000102003001000,누구나 살고싶은 종갓집 중구 [울산광역시 중구청],,0,0,839,6,0,3,0,1,0,209294,
LGS-000082,울산광역시,울주군,울주군청,PARSER_UNSUPPORTED,파서 보강,SCRIPTED_DETAIL_LINK,JavaScript 상세 링크,상세 식별자가 onclick 함수 인자로 제공됨,함수 실행 없이 허용된 인자 조합 규칙으로 상세 URL을 생성하는 기관별 파서 추가,https://www.ulju.ulsan.kr/ulju/bbs/list.do?ptIdx=145&mId=0404010000,,200,https://www.ulju.ulsan.kr/ulju/bbs/list.do?ptIdx=145&mId=0404010000,알림사항 목록 | 군정소식 | 열린군정 | 울산광역시 울주군청 대표누리집,,1,12,644,0,0,25,0,13,0,265496,
LGS-000085,경기도,수원시,수원시청,PARSER_UNSUPPORTED,파서 보강,SCRIPTED_DETAIL_LINK,JavaScript 상세 링크,상세 식별자가 onclick 함수 인자로 제공됨,함수 실행 없이 허용된 인자 조합 규칙으로 상세 URL을 생성하는 기관별 파서 추가,http://www.suwon.go.kr/web/board/BD_board.list.do?bbsCd=1042,,200,http://www.suwon.go.kr/web/board/BD_board.list.do?bbsCd=1042,시정소식(목록) : HOME > 수원소식 > 시정소식,,1,11,1286,4,0,42,0,10,0,421926,
LGS-000087,경기도,고양시,고양시청,PARSER_UNSUPPORTED,파서 보강,SCRIPTED_DETAIL_LINK,JavaScript 상세 링크,상세 식별자가 onclick 함수 인자로 제공됨,함수 실행 없이 허용된 인자 조합 규칙으로 상세 URL을 생성하는 기관별 파서 추가,https://www.goyang.go.kr/www/user/bbs/BD_selectBbsList.do?q_bbsCode=1030,,200,https://www.goyang.go.kr/www/user/bbs/BD_selectBbsList.do?q_bbsCode=1030,새소식 : 고양특례시청 > 정보공개 > 고양소식 > 새소식 목록,,1,11,607,7,0,28,0,10,0,282884,
LGS-000089,경기도,성남시,성남시청,PARSER_UNSUPPORTED,URL 정비,EMPTY_RESPONSE,빈 안내 응답,HTTP URL은 안내 페이지만 반환하며 HTTPS 공식 목록은 정상 응답함,검증된 목록 URL로 교체한 뒤 파서 QA 재실행,http://www.seongnam.go.kr/city/1000052/30001/bbsList.do,https://www.seongnam.go.kr/city/1000052/30001/bbsList.do,200,http://www.seongnam.go.kr/city/1000052/30001/bbsList.do,안내,,0,0,0,0,0,0,0,0,0,727,
LGS-000092,경기도,안산시,안산시청,PARSER_UNSUPPORTED,파서 보강,SCRIPTED_DETAIL_LINK,JavaScript 상세 링크,상세 식별자가 onclick 함수 인자로 제공됨,함수 실행 없이 허용된 인자 조합 규칙으로 상세 URL을 생성하는 기관별 파서 추가,https://www.ansan.go.kr/www/common/bbs/selectPageListBbs.do?bbs_code=B0214,,200,https://www.ansan.go.kr/www/common/bbs/selectPageListBbs.do?bbs_code=B0214,시민과 함께 자유로운 혁신도시 안산,,1,21,524,5,11,36,0,26,0,319285,
LGS-000093,경기도,평택시,평택시청,FAILED,URL 정비,STALE_URL,폐기된 URL,기존 평택 게시판 URL이 HTTP 400을 반환함,검증된 목록 URL로 교체한 뒤 파서 QA 재실행,http://www.pyeongtaek.go.kr/pyeongtaek/bbs/list.do?ptIdx=41&mId=0401010000,https://www.pyeongtaek.go.kr/pyeongtaek/board/post/list.do?bcIdx=41&mid=0401010000,400,http://www.pyeongtaek.go.kr/pyeongtaek/bbs/list.do?ptIdx=41&mId=0401010000,400 Bad Request,NETWORK_ERROR,0,0,0,0,0,0,0,0,0,1414,
LGS-000094,경기도,안양시,안양시청,FAILED,접속 호환성,TLS_HANDSHAKE_COMPATIBILITY,TLS 협상 호환성,Java TLS 협상은 실패하지만 curl에서는 HTML 수신 가능,공식 HTTPS URL과 TLS 설정을 확인하고 기관별 HTTP/1.1 클라이언트 어댑터로 재시험,http://www.anyang.go.kr/main/selectBbsNttList.do?bbsNo=62&key=259,,200,https://www.anyang.go.kr/main/selectBbsNttList.do?bbsNo=62&key=259,새소식 목록 - 안양시청,NETWORK_ERROR,1,11,909,36,1,1,0,10,0,254254,
LGS-000095,경기도,시흥시,시흥시청,PARSER_UNSUPPORTED,파서 보강,SCRIPTED_DETAIL_LINK,JavaScript 상세 링크,상세 식별자가 onclick 함수 인자로 제공됨,함수 실행 없이 허용된 인자 조합 규칙으로 상세 URL을 생성하는 기관별 파서 추가,http://www.siheung.go.kr/main/bbs/list.do?ptIdx=46&mId=0401010000,,200,http://www.siheung.go.kr/main/bbs/list.do?ptIdx=46&mId=0401010000,새소식 목록 | 시정정보 | 시정소식 | 홈페이지,,1,11,629,2,1,24,0,11,0,216493,
LGS-000096,경기도,파주시,파주시청,PARSER_UNSUPPORTED,파서 보강,AJAX_OR_JS_RENDERED,AJAX/동적 목록,초기 HTML에 목록이 없고 JavaScript/AJAX로 목록을 조회함,네트워크 호출의 JSON/HTML endpoint를 전용 어댑터로 호출; 브라우저 자동화는 최후 수단,http://www.paju.go.kr/user/board/BD_board.list.do?bbsCd=2001,,200,https://www.paju.go.kr/user/board/BD_board.list.do?bbsCd=2001,새소식(목록) : HOME > 공고·홍보 > 시정소식 > 새소식,,0,0,621,9,20,23,0,15,0,299344,
LGS-000098,경기도,의정부시,의정부시청,PARSER_UNSUPPORTED,파서 보강,SCRIPTED_DETAIL_LINK,JavaScript 상세 링크,상세 식별자가 onclick 함수 인자로 제공됨,함수 실행 없이 허용된 인자 조합 규칙으로 상세 URL을 생성하는 기관별 파서 추가,http://www.ui4u.go.kr/portal/bbs/list.do?ptIdx=35&mId=0301010000,,200,https://www.ui4u.go.kr/portal/bbs/list.do?ptIdx=35&mId=0301010000,새소식 목록 | 알림마당 | 시정소식 | 의정부시청 대표 홈페이지,,1,58,859,15,2,106,0,60,0,340492,
LGS-000099,경기도,광주시,광주시청,PARSER_UNSUPPORTED,파서 보강,SCRIPTED_DETAIL_LINK,JavaScript 상세 링크,상세 식별자가 onclick 함수 인자로 제공됨,함수 실행 없이 허용된 인자 조합 규칙으로 상세 URL을 생성하는 기관별 파서 추가,http://www.gjcity.go.kr/portal/bbs/list.do?ptIdx=1&mId=0201010000,,200,https://www.gjcity.go.kr/portal/bbs/list.do?ptIdx=1&mId=0201010000,새소식 목록 | 알림마당 | 광주소식 | 광주시청,,1,13,663,2,105,135,0,12,0,340778,
LGS-000104,경기도,오산시,오산시청,PARSER_UNSUPPORTED,파서 보강,DATA_ATTRIBUTE_LINK,data 속성 상세 링크,상세 URL이 href가 아니라 data-action/data-url 속성에 있음,허용된 data 속성에서 동일 호스트 상세 URL을 읽는 정적 파서 추가,https://www.osan.go.kr/portal/saeol/gosi/list.do?mId=0302010000,,200,https://www.osan.go.kr/portal/saeol/gosi/list.do?mId=0302010000,고시/공고 | 공고 | 오산소식 | 오산시 누리집,,1,11,1165,2,2,31,10,11,0,407978,
LGS-000105,경기도,이천시,이천시청,PARSER_UNSUPPORTED,파서 보강,SCRIPTED_DETAIL_LINK,JavaScript 상세 링크,상세 식별자가 onclick 함수 인자로 제공됨,함수 실행 없이 허용된 인자 조합 규칙으로 상세 URL을 생성하는 기관별 파서 추가,https://www.icheon.go.kr/portal/board/post/list.do?bcIdx=698&mid=0401010000&token=1717053488493,,200,https://www.icheon.go.kr/portal/board/post/list.do?bcIdx=698&mid=0401010000&token=1717053488493,공지사항 목록 | 알림사항 | 이천소식 | 이천시청 홈페이지,,1,17,730,6,4,33,0,16,0,312343,
LGS-000106,경기도,안성시,안성시청,PARSER_UNSUPPORTED,파서 보강,SCRIPTED_DETAIL_LINK,JavaScript 상세 링크,상세 식별자가 onclick 함수 인자로 제공됨,함수 실행 없이 허용된 인자 조합 규칙으로 상세 URL을 생성하는 기관별 파서 추가,https://www.anseong.go.kr/portal/bbs/list.do?ptIdx=16&mId=0501010000&token=1719299868283,,200,https://www.anseong.go.kr/portal/bbs/list.do?ptIdx=16&mId=0501010000&token=1719299868283,공지사항 목록 | 시정정보 | 안성소식 | 안성시청 홈페이지,,1,14,712,1,6,44,0,13,0,335932,
LGS-000108,경기도,포천시,포천시청,FAILED,접속 호환성,HTTP_PROTOCOL_COMPATIBILITY,HTTP 프로토콜 호환성,Java HttpClient 연결은 끊기지만 curl에서는 HTML 수신 가능,HTTPS URL로 교체하고 기관별 HTTP/1.1 클라이언트 어댑터·재시도 정책 적용,http://www.pocheon.go.kr/www/selectBbsNttList.do?bbsNo=18&key=3095&,,200,http://www.pocheon.go.kr/www/selectBbsNttList.do?bbsNo=18&key=3095&,석면비산정도측정결과공개 - 포천시 대표 누리집,NETWORK_ERROR,1,12,915,23,0,1,0,11,0,234056,
LGS-000113,경기도,과천시,과천시청,PARSER_UNSUPPORTED,파서 보강,SCRIPTED_DETAIL_LINK,JavaScript 상세 링크,상세 식별자가 onclick 함수 인자로 제공됨,함수 실행 없이 허용된 인자 조합 규칙으로 상세 URL을 생성하는 기관별 파서 추가,https://www.gccity.go.kr/portal/bbs/list.do?ptIdx=111&mId=0301010000,,200,https://www.gccity.go.kr/portal/bbs/list.do?ptIdx=111&mId=0301010000,과천소식 목록 | 알림마당 | 과천소식 | 홈페이지,,1,44,717,7,0,57,0,43,0,293581,
LGS-000116,강원특별자치도,강원특별자치도,강원특별자치도청,PARTIAL,파서 보강,SCRIPTED_DETAIL_LINK,JavaScript 상세 링크,상세 식별자가 onclick 함수 인자로 제공됨,함수 실행 없이 허용된 인자 조합 규칙으로 상세 URL을 생성하는 기관별 파서 추가,https://state.gwd.go.kr/portal/bulletin/notice,,200,https://state.gwd.go.kr/portal/bulletin/notice,알림사항 목록 - 도정마당 | 강원특별자치도청 - 새로운 강원! 특별 자치시대!,,1,16,453,26,9,38,0,23,0,184798,
LGS-000117,강원특별자치도,춘천시,춘천시청,PARSER_UNSUPPORTED,파서 보강,AJAX_OR_JS_RENDERED,AJAX/동적 목록,초기 HTML에 목록이 없고 JavaScript/AJAX로 목록을 조회함,네트워크 호출의 JSON/HTML endpoint를 전용 어댑터로 호출; 브라우저 자동화는 최후 수단,https://www.chuncheon.go.kr/cityhall/administrative-info/notice-info/notice-announcement/,,200,https://www.chuncheon.go.kr/cityhall/administrative-info/notice-info/notice-announcement/,고시/공고 | 춘천시청,,0,0,840,7,0,4,0,1,0,243251,
LGS-000120,강원특별자치도,동해시,동해시청,FAILED,접속 호환성,TLS_HANDSHAKE_COMPATIBILITY,TLS 협상 호환성,Java TLS 협상은 실패하지만 curl에서는 HTML 수신 가능,공식 HTTPS URL과 TLS 설정을 확인하고 기관별 HTTP/1.1 클라이언트 어댑터로 재시험,https://www.dh.go.kr/www/selectBbsNttList.do?bbsNo=87&key=478,,200,https://www.dh.go.kr/www/selectBbsNttList.do?bbsNo=87&key=478,고시·공고 - 대표홈페이지,NETWORK_ERROR,1,11,797,22,1,2,0,12,0,262996,
LGS-000122,강원특별자치도,속초시,속초시청,FAILED,접속 호환성,TLS_HANDSHAKE_COMPATIBILITY,TLS 협상 호환성,Java TLS 협상은 실패하지만 curl에서는 HTML 수신 가능,공식 HTTPS URL과 TLS 설정을 확인하고 기관별 HTTP/1.1 클라이언트 어댑터로 재시험,https://www.sokcho.go.kr/sc/portal/sokchonews/notice,,200,https://www.sokcho.go.kr/sc/portal/sokchonews/notice,공지사항 목록 | 속초시청 > 속초소식 > 공지사항,NETWORK_ERROR,1,15,449,22,4,1,0,19,0,631322,
LGS-000128,강원특별자치도,정선군,정선군청,FAILED,접속 호환성,REQUEST_POLICY_DIFFERENCE,요청 헤더 정책 차이,Java 수집 요청은 오류 응답이지만 브라우저형 curl 요청은 정상,User-Agent·Accept·압축·리다이렉트 차이를 최소 범위로 재현하는 기관별 요청 정책 적용,http://www.jeongseon.go.kr/portal/openadmin/adminnews/notice,,200,https://www.jeongseon.go.kr/portal/openadmin/adminnews/notice,공지사항 목록 | 정선군청 > 열린군정 > 군정소식 > 공지사항,HTTP_ERROR,1,16,676,2,15,18,0,18,0,245314,
LGS-000130,강원특별자치도,화천군,화천군청,FAILED,접속 호환성,HTTP_PROTOCOL_COMPATIBILITY,HTTP 프로토콜 호환성,Java HttpClient 연결은 끊기지만 curl에서는 HTML 수신 가능,HTTPS URL로 교체하고 기관별 HTTP/1.1 클라이언트 어댑터·재시도 정책 적용,http://www.ihc.go.kr/www/selectBbsNttList.do?bbsNo=11&key=2338,,200,http://www.ihc.go.kr/www/selectBbsNttList.do?bbsNo=11&key=2338,공지사항(목록) - 화천군 대표 누리집,NETWORK_ERROR,1,30,431,36,0,1,0,30,0,94550,
LGS-000133,강원특별자치도,고성군,고성군청,FAILED,접속 호환성,TLS_HANDSHAKE_COMPATIBILITY,TLS 협상 호환성,Java TLS 협상은 실패하지만 curl에서는 HTML 수신 가능,공식 HTTPS URL과 TLS 설정을 확인하고 기관별 HTTP/1.1 클라이언트 어댑터로 재시험,http://www.gwgs.go.kr/prog/bbsArticle/BBSMSTR_000000000412/list.do;jsessionid=06B856E72BB633499FEA49F8DCE9CC24,,200,https://www.gwgs.go.kr/prog/bbsArticle/BBSMSTR_000000000412/list.do,공지사항 > 군정소식 > 행정정보 > 고성군청 > 강원고성군 행정포털,NETWORK_ERROR,1,13,1124,17,4,29,0,12,0,682004,
LGS-000135,충청북도,충청북도,충청북도청,FAILED,접속 호환성,HTTP_PROTOCOL_COMPATIBILITY,HTTP 프로토콜 호환성,Java HttpClient 연결은 끊기지만 curl에서는 HTML 수신 가능,HTTPS URL로 교체하고 기관별 HTTP/1.1 클라이언트 어댑터·재시도 정책 적용,https://www.chungbuk.go.kr/www/selectBbsNttList.do?bbsNo=60&key=421,,200,https://www.chungbuk.go.kr/www/selectBbsNttList.do?bbsNo=60&key=421,"공지사항 - 충북,대한민국 중심에 서다 충청북도 홈페이지",NETWORK_ERROR,1,11,685,20,0,5,0,10,0,247936,
LGS-000141,충청북도,영동군,영동군청,FAILED,접속 호환성,REQUEST_POLICY_DIFFERENCE,요청 헤더 정책 차이,Java 수집 요청은 오류 응답이지만 브라우저형 curl 요청은 정상,User-Agent·Accept·압축·리다이렉트 차이를 최소 범위로 재현하는 기관별 요청 정책 적용,http://www.yd21.go.kr/kr/html/sub02/020101.html,,200,https://www.yd21.go.kr/kr/html/sub02/020101.html,목록 > 공지사항 > 군정소식 > 소식 &middot; 참여 > 영동군청,HTTP_ERROR,1,16,852,10,0,33,0,96,0,223663,
LGS-000145,충청북도,음성군,음성군청,FAILED,URL 정비,STALE_MENU_URL,폐기된 메뉴 URL,bbsNo는 맞지만 key=78이 공지사항이 아닌 영조물배상책임보험 페이지를 가리킴,검증된 목록 URL로 교체한 뒤 파서 QA 재실행,https://www.eumseong.go.kr/www/selectBbsNttList.do?bbsNo=6&key=78,https://www.eumseong.go.kr/www/selectBbsNttList.do?bbsNo=6&key=350,200,https://www.eumseong.go.kr/www/selectBbsNttList.do?bbsNo=6&key=78,영조물배상책임보험 - 음성군청,HTTP_ERROR,1,11,854,20,0,4,0,11,0,227100,
LGS-000148,충청남도,천안시,천안시청,FAILED,URL 정비,STALE_URL,폐기된 URL,기존 천안 게시판 식별자가 HTTP 404를 반환함,검증된 목록 URL로 교체한 뒤 파서 QA 재실행,http://www.cheonan.go.kr/cop/bbs/BBSMSTR_000000000462/selectBoardList.do,https://www.cheonan.go.kr/bbs/BBSMSTR_000000000450/list.do,404,https://www.cheonan.go.kr/cop/bbs/BBSMSTR_000000000462/selectBoardList.do,,HTTP_ERROR,0,0,2,0,1,0,0,0,0,1528,
LGS-000149,충청남도,공주시,공주시청,FAILED,접속 호환성,HTTP_PROTOCOL_COMPATIBILITY,HTTP 프로토콜 호환성,Java HttpClient 연결은 끊기지만 curl에서는 HTML 수신 가능,HTTPS URL로 교체하고 기관별 HTTP/1.1 클라이언트 어댑터·재시도 정책 적용,http://www.gongju.go.kr/bbs/BBSMSTR_000000000813/list.do,,200,http://www.gongju.go.kr/bbs/BBSMSTR_000000000813/list.do,공지사항 > 시정소식 > 공주시청,NETWORK_ERROR,1,14,688,81,0,27,0,14,0,500768,
LGS-000150,충청남도,보령시,보령시청,PARSER_UNSUPPORTED,파서 보강,SELECTOR_PROFILE_MISMATCH,DOM 선택자 불일치,목록 행·등록일·링크는 있으나 공통 selector가 실제 열 구조와 다름,해당 플랫폼의 제목·등록일·링크 selector를 정적 프로필로 추가,http://www.brcn.go.kr/cop/bbs/BBSMSTR_000000000263/selectBoardList.do,,200,http://www.brcn.go.kr/cop/bbs/BBSMSTR_000000000263/selectBoardList.do,[ 시정소식 < 보령소식 < 보령시청 ],,1,11,948,16,1,11,0,12,0,143078,
LGS-000158,충청남도,서천군,서천군청,FAILED,URL 정비,STALE_URL,폐기된 URL,기존 서천 게시판 식별자가 HTTP 404를 반환함,검증된 목록 URL로 교체한 뒤 파서 QA 재실행,http://www.seocheon.go.kr/cop/bbs/BBSMSTR_000000000056/selectBoardList.do,https://www.seocheon.go.kr/bbs/BBSMSTR_000000000268/list.do,404,https://www.seocheon.go.kr/cop/bbs/BBSMSTR_000000000056/selectBoardList.do,404 Not Found,NETWORK_ERROR,0,0,0,0,0,0,0,0,0,134,
LGS-000159,충청남도,청양군,청양군청,PARSER_UNSUPPORTED,파서 보강,SELECTOR_PROFILE_MISMATCH,DOM 선택자 불일치,목록 행·등록일·링크는 있으나 공통 selector가 실제 열 구조와 다름,해당 플랫폼의 제목·등록일·링크 selector를 정적 프로필로 추가,http://www.cheongyang.go.kr/cop/bbs/BBSMSTR_000000000037/selectBoardList.do,,200,https://www.cheongyang.go.kr/cop/bbs/BBSMSTR_000000000037/selectBoardList.do,[ 목록 >새소식 > 군정소식 > 군정소식 > ],,1,15,814,20,0,11,0,20,0,373975,
LGS-000161,충청남도,예산군,예산군청,PARTIAL,파서 보강,SELECTOR_PROFILE_MISMATCH,DOM 선택자 불일치,목록 행·등록일·링크는 있으나 공통 selector가 실제 열 구조와 다름,해당 플랫폼의 제목·등록일·링크 selector를 정적 프로필로 추가,https://www.yesan.go.kr/bbs/BBSMSTR_000000000046/list.do,,200,https://www.yesan.go.kr/bbs/BBSMSTR_000000000046/list.do,공지사항 < 예산소식 < 예산군청,,1,21,980,20,0,16,0,27,0,1185294,
LGS-000162,충청남도,태안군,태안군청,PARSER_UNSUPPORTED,파서 보강,SELECTOR_PROFILE_MISMATCH,DOM 선택자 불일치,목록 행·등록일·링크는 있으나 공통 selector가 실제 열 구조와 다름,해당 플랫폼의 제목·등록일·링크 selector를 정적 프로필로 추가,http://www.taean.go.kr/cop/bbs/BBSMSTR_000000000036/selectBoardList.do,,200,https://www.taean.go.kr/cop/bbs/BBSMSTR_000000000036/selectBoardList.do,소통/참여 >군정뉴스 >공지사항> 태안군청,,1,11,480,11,0,15,0,10,1,130492,
LGS-000174,전북특별자치도,임실군,임실군청,PARSER_UNSUPPORTED,파서 보강,SELECTOR_PROFILE_MISMATCH,DOM 선택자 불일치,목록 행·등록일·링크는 있으나 공통 selector가 실제 열 구조와 다름,해당 플랫폼의 제목·등록일·링크 selector를 정적 프로필로 추가,http://www.imsil.go.kr/board/list.imsil?boardId=BBS_0000002&menuCd=DOM_000000103001001000&contentsSid=161&cpath=,,200,https://www.imsil.go.kr/board/list.imsil?boardId=BBS_0000002&menuCd=DOM_000000103001001000&contentsSid=161&cpath=,소통·참여 > 군정소식 > 임실소식 목록 페이지,,1,23,400,22,3,3,0,23,0,99355,
LGS-000175,전북특별자치도,순창군,순창군청,FAILED,URL 정비,STALE_URL,폐기된 URL,기존 순창 게시판 URL이 사이트 개편 후 HTTP 404를 반환함,검증된 목록 URL로 교체한 뒤 파서 QA 재실행,http://www.sunchang.go.kr/board/list.sunchang?boardId=BBS_0000011&menuCd=DOM_000000110001001000&paging=ok&startPage=1,https://www.sunchang.go.kr/index.do?menuUid=ff8080819a2f0e3b019a5d1b0c40164a,404,https://www.sunchang.go.kr/board/list.sunchang?boardId=BBS_0000011&menuCd=DOM_000000110001001000&paging=ok&startPage=1,Planweb Boot,HTTP_ERROR,0,0,1,0,0,0,0,0,0,5096,
LGS-000177,전북특별자치도,부안군,부안군청,PARSER_UNSUPPORTED,파서 보강,TWO_DIGIT_YEAR_DATE,두 자리 연도 날짜,목록 등록일이 YY.MM.DD 등 두 자리 연도로 표시됨,두 자리 연도를 2000년대로 제한 해석하는 날짜 프로필을 추가,http://www.buan.go.kr/board/list.buan?boardId=BBS_0000053&menuCd=DOM_000000103001001000&contentsSid=687&cpath=,,200,https://www.buan.go.kr/board/list.buan?boardId=BBS_0000053&menuCd=DOM_000000103001001000&contentsSid=687&cpath=,소통/참여 > 부안소식 > 공지사항 목록 페이지,,1,12,472,23,5,0,0,1,10,101333,
LGS-000183,전라남도,담양군,담양군청,PARSER_UNSUPPORTED,파서 보강,DATE_SELECTOR_MISMATCH,등록일 선택자 불일치,목록과 상세 링크는 있으나 등록일 선택자가 맞지 않음,기관별 행·제목·등록일 selector와 날짜 형식을 정적 프로필로 추가,https://www.damyang.go.kr/board/list?boardId=BBS_0000001&domainId=DOM_0000001&contentsSid=1&menuCd=DOM_000000190001001000,,200,https://www.damyang.go.kr/board/list?boardId=BBS_0000001&domainId=DOM_0000001&contentsSid=1&menuCd=DOM_000000190001001000,담양군청,,1,1,243,3,13,2,0,0,2,154669,
LGS-000185,전라남도,구례군,구례군청,PARTIAL,파서 보강,SELECTOR_PROFILE_MISMATCH,DOM 선택자 불일치,목록 행·등록일·링크는 있으나 공통 selector가 실제 열 구조와 다름,해당 플랫폼의 제목·등록일·링크 selector를 정적 프로필로 추가,https://www.gurye.go.kr/board/list.do?bbsId=BBS_0000000000000056&menuNo=115004001000,,200,https://www.gurye.go.kr/board/list.do?bbsId=BBS_0000000000000056&menuNo=115004001000,공지사항 < 구례소식 < 행정정보 구례군청,,1,16,1524,92,28,20,0,100,0,312721,
LGS-000200,경상북도,경상북도,경상북도청,PARSER_UNSUPPORTED,파서 보강,SELECTOR_PROFILE_MISMATCH,DOM 선택자 불일치,목록 행·등록일·링크는 있으나 공통 selector가 실제 열 구조와 다름,해당 플랫폼의 제목·등록일·링크 selector를 정적 프로필로 추가,https://www.gb.go.kr/Main/page.do?mnu_uid=6786&BD_CODE=bbs_gongji,,200,https://www.gb.go.kr/Main/page.do?mnu_uid=6786&BD_CODE=bbs_gongji,알림마당>경북소식>도정소식>경상북도,,1,11,784,8,0,6,0,4,10,148710,
LGS-000201,경상북도,포항시,포항시청,PARSER_UNSUPPORTED,파서 보강,DATA_ATTRIBUTE_LINK,data 속성 상세 링크,상세 URL이 href가 아니라 data-action/data-url 속성에 있음,허용된 data 속성에서 동일 호스트 상세 URL을 읽는 정적 파서 추가,https://www.pohang.go.kr/portal/saeol/gosi/list.do?mid=0202010000&token=1710896483460,,200,https://www.pohang.go.kr/portal/saeol/gosi/list.do?mid=0202010000&token=1710896483460,고시/일반 공고 목록 | 고시공고 | 포항소식 | 포항시청 홈페이지,,1,11,687,5,5,27,10,20,0,293653,
LGS-000203,경상북도,김천시,김천시청,PARSER_UNSUPPORTED,파서 보강,SCRIPTED_DETAIL_LINK,JavaScript 상세 링크,상세 식별자가 onclick 함수 인자로 제공됨,함수 실행 없이 허용된 인자 조합 규칙으로 상세 URL을 생성하는 기관별 파서 추가,https://www.gc.go.kr/portal/bbs/list.do?ptIdx=1807&mId=1202100000,,200,https://www.gc.go.kr/portal/bbs/list.do?ptIdx=1807&mId=1202100000,새소식 목록 | 시정현황 | 김천시정 | 누리집,,1,50,1142,3,0,69,0,83,0,513756,
LGS-000205,경상북도,구미시,구미시청,PARSER_UNSUPPORTED,파서 보강,SCRIPTED_DETAIL_LINK,JavaScript 상세 링크,상세 식별자가 onclick 함수 인자로 제공됨,함수 실행 없이 허용된 인자 조합 규칙으로 상세 URL을 생성하는 기관별 파서 추가,https://www.gumi.go.kr/portal/board/post/list.do?bcIdx=1&mid=0401020000,,200,https://www.gumi.go.kr/portal/board/post/list.do?bcIdx=1&mid=0401020000,공지 사항 목록 | 행정 알림 | 행정 정보 | 구미시청 홈페이지,,1,33,866,2,2,48,0,32,0,406558,
LGS-000207,경상북도,영천시,영천시청,PARSER_UNSUPPORTED,파서 보강,DATA_ATTRIBUTE_LINK,data 속성 상세 링크,상세 URL이 href가 아니라 data-action/data-url 속성에 있음,허용된 data 속성에서 동일 호스트 상세 URL을 읽는 정적 파서 추가,http://www.yc.go.kr/portal/bbs/list.do?ptIdx=544&mId=0301010000,,200,https://www.yc.go.kr/portal/bbs/list.do?ptIdx=544&mId=0301010000,새소식 목록 | 시정소식 | 정보공개/개방 | 영천시청 대표포털,,1,13,420,0,0,26,12,12,0,237492,
LGS-000208,경상북도,상주시,상주시청,PARSER_UNSUPPORTED,파서 보강,SCRIPTED_DETAIL_LINK,JavaScript 상세 링크,상세 식별자가 onclick 함수 인자로 제공됨,함수 실행 없이 허용된 인자 조합 규칙으로 상세 URL을 생성하는 기관별 파서 추가,https://www.sangju.go.kr/page/10297/10606.tc,,200,https://www.sangju.go.kr/page/10297/10606.tc,시민광장 > 시소식 > 고시/공고 | 상주시,,1,21,587,111,87,31,0,58,0,317335,
LGS-000209,경상북도,문경시,문경시청,PARSER_UNSUPPORTED,파서 보강,SCRIPTED_DETAIL_LINK,JavaScript 상세 링크,상세 식별자가 onclick 함수 인자로 제공됨,함수 실행 없이 허용된 인자 조합 규칙으로 상세 URL을 생성하는 기관별 파서 추가,http://www.gbmg.go.kr/portal/bbs/list.do?ptIdx=73&mId=0301010000,,200,https://www.gbmg.go.kr/portal/bbs/list.do?ptIdx=73&mId=0301010000,새소식 목록 | 문경소식 | 소식알리미 | 문경시청,,1,12,723,3,3,25,0,12,0,427065,
LGS-000211,경상북도,의성군,의성군청,PARSER_UNSUPPORTED,파서 보강,SELECTOR_PROFILE_MISMATCH,DOM 선택자 불일치,목록 행·등록일·링크는 있으나 공통 selector가 실제 열 구조와 다름,해당 플랫폼의 제목·등록일·링크 selector를 정적 프로필로 추가,https://www.usc.go.kr/ko/page.do?mnu_uid=156&,,200,https://www.usc.go.kr/ko/page.do?mnu_uid=156&,공지사항 | 소통참여 | 의성군,,1,11,775,8,0,9,0,13,0,203340,
LGS-000215,경상북도,청도군,청도군청,PARSER_UNSUPPORTED,파서 보강,SCRIPTED_DETAIL_LINK,JavaScript 상세 링크,상세 식별자가 onclick 함수 인자로 제공됨,함수 실행 없이 허용된 인자 조합 규칙으로 상세 URL을 생성하는 기관별 파서 추가,https://www.cheongdo.go.kr/portal/board/post/list.do?bcIdx=510&mid=0301010000&token=1700628210004,,200,https://www.cheongdo.go.kr/portal/board/post/list.do?bcIdx=510&mid=0301010000&token=1700628210004,목록 | 새소식 | 행정소식 | 행정정보 | 청도군청 홈페이지,,1,11,435,0,4,26,0,10,0,199346,
LGS-000216,경상북도,고령군,고령군청,PARSER_UNSUPPORTED,파서 보강,SCRIPTED_DETAIL_LINK,JavaScript 상세 링크,상세 식별자가 onclick 함수 인자로 제공됨,함수 실행 없이 허용된 인자 조합 규칙으로 상세 URL을 생성하는 기관별 파서 추가,http://www.goryeong.go.kr/kor/boardList.do?IDX=152&BRD_ID=1019,,200,http://www.goryeong.go.kr/kor/boardList.do?IDX=152&BRD_ID=1019,공지사항 : 고령군,,1,11,611,351,101,25,0,10,0,79312,
LGS-000218,경상북도,칠곡군,칠곡군청,PARSER_UNSUPPORTED,파서 보강,SCRIPTED_DETAIL_LINK,JavaScript 상세 링크,상세 식별자가 onclick 함수 인자로 제공됨,함수 실행 없이 허용된 인자 조합 규칙으로 상세 URL을 생성하는 기관별 파서 추가,https://www.chilgok.go.kr/portal/bbs/list.do?ptIdx=111&mId=0201010000,,200,https://www.chilgok.go.kr/portal/bbs/list.do?ptIdx=111&mId=0201010000,공지사항 목록 | 알림마당 | 칠곡소식 | 칠곡군,,1,15,1472,5,0,32,0,16,0,607099,
LGS-000219,경상북도,예천군,예천군청,PARSER_UNSUPPORTED,파서 보강,SELECTOR_PROFILE_MISMATCH,DOM 선택자 불일치,목록 행·등록일·링크는 있으나 공통 selector가 실제 열 구조와 다름,해당 플랫폼의 제목·등록일·링크 selector를 정적 프로필로 추가,http://www.ycg.kr/open.content/ko/administrative/news/notice/,,200,https://www.ycg.kr/open.content/ko/administrative/news/notice/,전체보기 - 공지사항 - 예천군,,1,11,562,42,0,3,0,12,0,79878,
LGS-000220,경상북도,봉화군,봉화군청,FAILED,URL 정비,STALE_URL,폐기된 URL,기존 봉화 open.content URL이 HTTP 404를 반환함,검증된 목록 URL로 교체한 뒤 파서 QA 재실행,http://www.bonghwa.go.kr/open.content/ko/news/news/board/,https://www.bonghwa.go.kr/portal/board/post/list.do?bcIdx=100&mid=0201010000,404,http://www.bonghwa.go.kr/open.content/ko/news/news/board/,페이지를 찾을 수 없습니다.,HTTP_ERROR,0,0,0,0,0,0,0,0,0,1650,
LGS-000222,경상북도,울릉군,울릉군청,PARSER_UNSUPPORTED,파서 보강,SELECTOR_PROFILE_MISMATCH,DOM 선택자 불일치,목록 행·등록일·링크는 있으나 공통 selector가 실제 열 구조와 다름,해당 플랫폼의 제목·등록일·링크 selector를 정적 프로필로 추가,https://www.ulleung.go.kr/ko/page.do?mnu_uid=570&,,200,https://www.ulleung.go.kr/ko/page.do?mnu_uid=570&,공지사항 | 알림마당 | 울릉소식/정보 | 아름다운 신비의 섬 울릉군,,1,12,588,4,0,7,0,11,0,156990,
LGS-000223,경상남도,경상남도,경상남도청,PARSER_UNSUPPORTED,파서 보강,TWO_DIGIT_YEAR_DATE,두 자리 연도 날짜,목록 등록일이 YY.MM.DD 등 두 자리 연도로 표시됨,두 자리 연도를 2000년대로 제한 해석하는 날짜 프로필을 추가,https://www.gyeongnam.go.kr/board/list.gyeong?boardId=BBS_0000057&menuCd=DOM_000000135001001000&contentsSid=6951&cpath=,,200,https://www.gyeongnam.go.kr/board/list.gyeong?boardId=BBS_0000057&menuCd=DOM_000000135001001000&contentsSid=6951&cpath=,경남소식 > 새소식 > 공지사항 (목록) - 경상남도 대표 홈페이지,,1,11,1263,23,2,4,0,4,10,512265,
LGS-000231,경상남도,양산시,양산시청,PARSER_UNSUPPORTED,파서 보강,SCRIPTED_DETAIL_LINK,JavaScript 상세 링크,상세 식별자가 onclick 함수 인자로 제공됨,함수 실행 없이 허용된 인자 조합 규칙으로 상세 URL을 생성하는 기관별 파서 추가,https://www.yangsan.go.kr/portal/board/post/list.do?bcIdx=293&mid=0101010000&token=1717053985359,,200,https://www.yangsan.go.kr/portal/board/post/list.do?bcIdx=293&mid=0101010000&token=1717053985359,새소식 목록 | 새소식 | 양산소식 | 양산시청 홈페이지,,1,11,1175,5,0,25,0,10,0,489873,
LGS-000232,경상남도,의령군,의령군청,PARSER_UNSUPPORTED,파서 보강,SELECTOR_PROFILE_MISMATCH,DOM 선택자 불일치,목록 행·등록일·링크는 있으나 공통 selector가 실제 열 구조와 다름,해당 플랫폼의 제목·등록일·링크 selector를 정적 프로필로 추가,https://www.uiryeong.go.kr/board/list.uiryeong?boardId=BBS_0000085&menuCd=DOM_000000203001001000&contentsSid=185,,200,https://www.uiryeong.go.kr/board/list.uiryeong?boardId=BBS_0000085&menuCd=DOM_000000203001001000&contentsSid=185,군정소식 > 의령소식 > 군정소식 | 의령군청,,1,11,461,11,0,6,0,10,0,158844,
LGS-000233,경상남도,함안군,함안군청,PARSER_UNSUPPORTED,URL 정비,STALE_REDIRECT,다른 사이트로 이동,기존 함안 경로가 문화관광 전통시장 페이지로 이동함,검증된 목록 URL로 교체한 뒤 파서 QA 재실행,http://www.haman.go.kr/02385/02386/02387.web,"https://eminwon.haman.go.kr/emwp/jsp/ofr/OfrNotAncmtLSub.jsp?not_ancmt_se_code=01,04",200,https://www.haman.go.kr/02373/02377/02387.web,문화관광포털 > 음식·숙박·특산물> 전통시장> 칠원전통시장,,0,0,372,288,0,3,0,1,0,67994,
LGS-000234,경상남도,창녕군,창녕군청,PARSER_UNSUPPORTED,파서 보강,NON_TABLE_LAYOUT,비표형 목록,새소식 목록이 표가 아닌 전용 카드/목록 구조로 제공됨,카드/article 단위 제목·날짜·링크 selector 프로필 추가,https://www.cng.go.kr/03516/01549.web,,200,https://www.cng.go.kr/03516/01549.web,창녕소식 >새소식 | 창녕소식,,0,0,191,87,0,7,0,20,0,47694,
LGS-000235,경상남도,고성군,고성군청,PARSER_UNSUPPORTED,파서 보강,TWO_DIGIT_YEAR_DATE,두 자리 연도 날짜,목록 등록일이 YY.MM.DD 등 두 자리 연도로 표시됨,두 자리 연도를 2000년대로 제한 해석하는 날짜 프로필을 추가,https://www.goseong.go.kr/board/list.goseong?boardId=BBS_0000118&menuCd=DOM_000000102002001000&contentsSid=28&cpath=,,200,https://www.goseong.go.kr/board/list.goseong?boardId=BBS_0000118&menuCd=DOM_000000102002001000&contentsSid=28&cpath=,군민소통 > 알림마당 > 통합공지사항 | 경상남도 고성군청,,1,17,558,34,0,8,0,5,16,207822,
LGS-000239,경상남도,함양군,함양군청,PARSER_UNSUPPORTED,파서 보강,AJAX_OR_JS_RENDERED,AJAX/동적 목록,초기 HTML에 목록이 없고 JavaScript/AJAX로 목록을 조회함,네트워크 호출의 JSON/HTML endpoint를 전용 어댑터로 호출; 브라우저 자동화는 최후 수단,https://www.hygn.go.kr/00429/00543/00547.web,,200,https://www.hygn.go.kr/00429/00543/00547.web,군정소식 | 함양군 대표누리집,,0,0,493,317,0,12,0,25,3,97246,
LGS-000240,경상남도,거창군,거창군청,FAILED,URL 정비,STALE_URL,폐기된 URL,기존 거창 뉴스 게시판 URL이 HTTP 404를 반환함,검증된 목록 URL로 교체한 뒤 파서 QA 재실행,http://www.geochang.go.kr/news/board/List.do?gcode=1002&&pageCd=NW0101000000&siteGubun=portal,https://www.geochang.go.kr/00445/00451.web,404,https://www.geochang.go.kr/news/board/List.do?gcode=1002&&pageCd=NW0101000000&siteGubun=portal,주소가 잘못 입력되엇거나 원하시는 페이지를 찾을 수 없습니다.(404),HTTP_ERROR,1,1,1,0,0,0,0,0,0,1088,
LGS-000242,제주특별자치도,제주특별자치도,제주특별자치도청,FAILED,접속 호환성,TLS_HANDSHAKE_COMPATIBILITY,TLS 협상 호환성,Java TLS 협상은 실패하지만 curl에서는 HTML 수신 가능,공식 HTTPS URL과 TLS 설정을 확인하고 기관별 HTTP/1.1 클라이언트 어댑터로 재시험,http://www.jeju.go.kr/news/news/news.htm,,200,https://www.jeju.go.kr/news/news/news.htm,도정뉴스 > 도정소식 > 새소식 - 제주특별자치도,NETWORK_ERROR,1,21,815,46,1,0,0,23,0,174040,
